BILLS PAY CANCELLATION REPORT
PARTNER NAME :	 STATEFIELDS SCHOOL INC
REPORT DATE :	 JANUARY 05 2026
REPORT GENERATED :	 2026-01-23

"No","Cancellation Date/Time","Sendout Date/Time","Reference No.","Control No.","Account No.","Account Name","Payor","IR No.","Amount","Cancellation Charge","CTC","CTP","Resource","Branch Name","Remote Operator","Remote Branch"
1,"2026-01-05 3:21 PM","2026-01-05 2:26 PM","KBPDMYFUGZZ","BPSO851-0126000016","14-0126","STATEFIELDS, JAMILLA PAULINE ","STATEFIELDS, DARYLL ","5984026010006","6,648.00","10.00","25.00","0.00","DELOS REYES, LEAH MAE MACAPUGAS","HEAD OFFICE",",  ",

TOTAL COUNT:,"1"
TOTAL PRINCIPAL (PHP):,"6,648.00"
TOTAL CHARGE (PHP):,"10.00"
TOTAL CTC (PHP):,"25.00"
TOTAL CTP (PHP):,"0.00"
Footnote:
No Request for Change transactions made for the selected timeframe.
A Cancellation was made on this report's selected timeframe. Please generate a Cancellation Report