BILLS PAY CANCELLATION REPORT
PARTNER NAME :	 MISAMIS OCCIDENTAL ELECTRIC COOPERATIVE 1 (MOELCI-1)
REPORT DATE :	 JANUARY 05 2026
REPORT GENERATED :	 2026-01-23

"No","Cancellation Date/Time","Sendout Date/Time","Reference No.","Control No.","Account No.","Account Name","Payor","IR No.","Amount","Cancellation Charge","CTC","CTP","Resource","Branch Name","Remote Operator","Remote Branch"
1,"2026-01-05 5:03 PM","2026-01-05 4:45 PM","KBPMGQOAXQP","BPSO1642-0126000107","012-302-01800","LHUILLIER, PAWNSHOP ","MEJORADA, JULIE ANNE ","2346726010007","886.00","10.00","10.00","0.00","ROBLON, VINCENT P","HEAD OFFICE",",  ",

TOTAL COUNT:,"1"
TOTAL PRINCIPAL (PHP):,"886.00"
TOTAL CHARGE (PHP):,"10.00"
TOTAL CTC (PHP):,"10.00"
TOTAL CTP (PHP):,"0.00"
Footnote:
No Request for Change transactions made for the selected timeframe.
A Cancellation was made on this report's selected timeframe. Please generate a Cancellation Report