BILLS PAY CANCELLATION REPORT
PARTNER NAME :	 CEBU INSTITUTE OF TECHNOLOGY
REPORT DATE :	 JANUARY 05 2026
REPORT GENERATED :	 2026-01-23

"No","Cancellation Date/Time","Sendout Date/Time","Reference No.","Control No.","Account No.","Account Name","Payor","IR No.","Amount","Cancellation Charge","CTC","CTP","Resource","Branch Name","Remote Operator","Remote Branch"
1,"2026-01-05 11:17 AM","2025-12-02 4:16 PM","KBPPWUJPIZI","BPSO202-1225000012","2024037723","BOQUEL, JAYMEE FRANCICE N","BOQUEL, JAYMEE FRANCINE N","0385226010005","13,000.00","10.00","25.00","0.00","SANCHEZ, ARBIE B","HEAD OFFICE",",  ",

TOTAL COUNT:,"1"
TOTAL PRINCIPAL (PHP):,"13,000.00"
TOTAL CHARGE (PHP):,"10.00"
TOTAL CTC (PHP):,"25.00"
TOTAL CTP (PHP):,"0.00"
Footnote:
No Request for Change transactions made for the selected timeframe.
A Cancellation was made on this report's selected timeframe. Please generate a Cancellation Report