BILLS PAY CANCELLATION REPORT
PARTNER NAME :	 METROPOLITAN CEBU WATER DISTRICT
REPORT DATE :	 JANUARY 05 2026
REPORT GENERATED :	 2026-01-23

"No","Cancellation Date/Time","Sendout Date/Time","Reference No.","Control No.","Account No.","Account Name","Payor","IR No.","Amount","Cancellation Charge","CTC","CTP","Resource","Branch Name","Remote Operator","Remote Branch"
1,"2026-01-05 1:07 PM","2026-01-05 12:17 PM","KBPMIQHLCJA","BPSO1394-0126000070","66204","VARGA, INOCENCIA ","VARGA, INOCENCIA ","0205926010004","1,719.00","10.00","5.00","0.00","SANCHEZ, ARBIE B","HEAD OFFICE",",  ",
2,"2026-01-05 5:30 PM","2026-01-05 4:44 PM","KBPRUNJLICI","BPSO2300-0126000170","231245","MABUYO, VIRGINIA DELIMA ","MABUYO, VIRGINIA ","0357526010004","1,889.00","10.00","5.00","0.00","SANCHEZ, ARBIE B","HEAD OFFICE",",  ",

TOTAL COUNT:,"2"
TOTAL PRINCIPAL (PHP):,"3,608.00"
TOTAL CHARGE (PHP):,"20.00"
TOTAL CTC (PHP):,"10.00"
TOTAL CTP (PHP):,"0.00"
Footnote:
No Request for Change transactions made for the selected timeframe.
A Cancellation was made on this report's selected timeframe. Please generate a Cancellation Report