BILLS PAY CANCELLATION REPORT
PARTNER NAME :	 GLOBAL DOMINION FINANCING
REPORT DATE :	 JANUARY 05 2026
REPORT GENERATED :	 2026-01-23

"No","Cancellation Date/Time","Sendout Date/Time","Reference No.","Control No.","Account No.","Account Name","Payor","IR No.","Amount","Cancellation Charge","CTC","CTP","Resource","Branch Name","Remote Operator","Remote Branch"
1,"2026-01-05 3:07 PM","2025-03-12 12:34 PM","KBPPRVAUSFJ","BPSO1769-0325000118","5270620240000119","TORIBIO, DONNA ","TORIBIO, DONNA ","5304025030008","17,319.00","10.00","20.00","0.00","MAGNA, LHANIE CORPORAL","HEAD OFFICE",",  ",

TOTAL COUNT:,"1"
TOTAL PRINCIPAL (PHP):,"17,319.00"
TOTAL CHARGE (PHP):,"10.00"
TOTAL CTC (PHP):,"20.00"
TOTAL CTP (PHP):,"0.00"
Footnote:
No Request for Change transactions made for the selected timeframe.
A Cancellation was made on this report's selected timeframe. Please generate a Cancellation Report