BILLS PAY CANCELLATION REPORT
PARTNER NAME :	 ASIALINK FINANCE CORPORATION
REPORT DATE :	 JANUARY 05 2026
REPORT GENERATED :	 2026-01-23

"No","Cancellation Date/Time","Sendout Date/Time","Reference No.","Control No.","Account No.","Account Name","Payor","IR No.","Amount","Cancellation Charge","CTC","CTP","Resource","Branch Name","Remote Operator","Remote Branch"
1,"2026-01-05 3:59 PM","2026-01-05 3:17 PM","KBPUFILBDGL","BPSO2137-0126000023","5271420220002713","MORATAL, ESTELITO ","MORATAL, JOY ","5961526010003","24,475.10","10.00","0.00","16.00","PATANA, ACHILLES CABANGIS","HEAD OFFICE",",  ",

TOTAL COUNT:,"1"
TOTAL PRINCIPAL (PHP):,"24,475.10"
TOTAL CHARGE (PHP):,"10.00"
TOTAL CTC (PHP):,"0.00"
TOTAL CTP (PHP):,"16.00"
Footnote:
No Request for Change transactions made for the selected timeframe.
A Cancellation was made on this report's selected timeframe. Please generate a Cancellation Report