BILLS PAY CANCELLATION REPORT
PARTNER NAME :	 SURIGAO DEL NORTE ELECTRIC COOPERATIVE (SURNECO)
REPORT DATE :	 JANUARY 05 2026
REPORT GENERATED :	 2026-01-23

"No","Cancellation Date/Time","Sendout Date/Time","Reference No.","Control No.","Account No.","Account Name","Payor","IR No.","Amount","Cancellation Charge","CTC","CTP","Resource","Branch Name","Remote Operator","Remote Branch"
1,"2026-01-05 5:47 PM","2026-01-05 8:52 AM","KBPRDIVSLEU","BPSO162-0126000128","40-16-079800","CALIMPUSAN, CARLITO ","CALIMPUSAN, CARLITO ","0871826010001","4,326.55","10.00","10.00","0.00","ROBLON, VINCENT P","HEAD OFFICE",",  ",

TOTAL COUNT:,"1"
TOTAL PRINCIPAL (PHP):,"4,326.55"
TOTAL CHARGE (PHP):,"10.00"
TOTAL CTC (PHP):,"10.00"
TOTAL CTP (PHP):,"0.00"
Footnote:
No Request for Change transactions made for the selected timeframe.
A Cancellation was made on this report's selected timeframe. Please generate a Cancellation Report