BILLS PAY CANCELLATION REPORT
PARTNER NAME :	 SURIGAO ELECTRIC COOPERATIVE (SURSECO 1)
REPORT DATE :	 JANUARY 05 2026
REPORT GENERATED :	 2026-01-23

"No","Cancellation Date/Time","Sendout Date/Time","Reference No.","Control No.","Account No.","Account Name","Payor","IR No.","Amount","Cancellation Charge","CTC","CTP","Resource","Branch Name","Remote Operator","Remote Branch"
1,"2026-01-05 1:55 PM","2026-01-05 11:46 AM","KBPJGUYTIGO","BPSO1406-0126000229","112440705","AMPAO, EPITACIA ","AMPAO, EPITACIA ","2042326010003","854.00","10.00","5.00","0.00","SANCHEZ, ARBIE B","HEAD OFFICE",",  ",

TOTAL COUNT:,"1"
TOTAL PRINCIPAL (PHP):,"854.00"
TOTAL CHARGE (PHP):,"10.00"
TOTAL CTC (PHP):,"5.00"
TOTAL CTP (PHP):,"0.00"
Footnote:
No Request for Change transactions made for the selected timeframe.
A Cancellation was made on this report's selected timeframe. Please generate a Cancellation Report