BILLS PAY CANCELLATION REPORT
PARTNER NAME :	 ISPD - GI CORP BIYAHEKO SEA TICKETING 2GO TRAVEL SERVICE FEE
REPORT DATE :	 JANUARY 05 2026
REPORT GENERATED :	 2026-01-23

"No","Cancellation Date/Time","Sendout Date/Time","Reference No.","Control No.","Account No.","Account Name","Payor","IR No.","Amount","Cancellation Charge","CTC","CTP","Resource","Branch Name","Remote Operator","Remote Branch"
1,"2026-01-05 1:08 PM","2026-01-05 12:25 PM","KBPPLTJZVDL","BPSO513-0126000096","D3MSDQ","MAHILUM, JAIGIE ","MAHILUM, JAIGIE ","1758826010004","500.00","10.00","0.00","0.00","ROBLON, VINCENT P","HEAD OFFICE",",  ",

TOTAL COUNT:,"1"
TOTAL PRINCIPAL (PHP):,"500.00"
TOTAL CHARGE (PHP):,"10.00"
TOTAL CTC (PHP):,"0.00"
TOTAL CTP (PHP):,"0.00"
Footnote:
No Request for Change transactions made for the selected timeframe.
A Cancellation was made on this report's selected timeframe. Please generate a Cancellation Report