BILLS PAY CANCELLATION REPORT
PARTNER NAME :	 MACRO DISTRIBUTORS-LEYTE
REPORT DATE :	 JANUARY 05 2026
REPORT GENERATED :	 2026-01-23

"No","Cancellation Date/Time","Sendout Date/Time","Reference No.","Control No.","Account No.","Account Name","Payor","IR No.","Amount","Cancellation Charge","CTC","CTP","Resource","Branch Name","Remote Operator","Remote Branch"
1,"2026-01-05 1:41 PM","2026-01-05 1:13 PM","KBPFMBWSMXO","BPSO1706-0126000085","0287","PALAMOS, JEFF RENELL M","PALAMOS, JEFF RENELL M","2947526010001","94,800.00","10.00","0.00","30.00","SANCHEZ, ARBIE B","HEAD OFFICE",",  ",

TOTAL COUNT:,"1"
TOTAL PRINCIPAL (PHP):,"94,800.00"
TOTAL CHARGE (PHP):,"10.00"
TOTAL CTC (PHP):,"0.00"
TOTAL CTP (PHP):,"30.00"
Footnote:
No Request for Change transactions made for the selected timeframe.
A Cancellation was made on this report's selected timeframe. Please generate a Cancellation Report