BILLS PAY CANCELLATION REPORT
PARTNER NAME :	 BOHOL LIGHTS INC
REPORT DATE :	 JANUARY 05 2026
REPORT GENERATED :	 2026-01-23

"No","Cancellation Date/Time","Sendout Date/Time","Reference No.","Control No.","Account No.","Account Name","Payor","IR No.","Amount","Cancellation Charge","CTC","CTP","Resource","Branch Name","Remote Operator","Remote Branch"
1,"2026-01-05 4:12 PM","2026-01-05 3:33 PM","KBPSEJHDCYC","BPSO375-0126000190","17977-00","BUSTRILLOS, DIEGO C/O EDWIN BOMEDIANO","GUIRIGAY, SHERLYN JANE ","9903226010002","7,265.54","10.00","10.00","0.00","SANCHEZ, ARBIE B","HEAD OFFICE",",  ",

TOTAL COUNT:,"1"
TOTAL PRINCIPAL (PHP):,"7,265.54"
TOTAL CHARGE (PHP):,"10.00"
TOTAL CTC (PHP):,"10.00"
TOTAL CTP (PHP):,"0.00"
Footnote:
No Request for Change transactions made for the selected timeframe.
A Cancellation was made on this report's selected timeframe. Please generate a Cancellation Report