BILLS PAY CANCELLATION REPORT
PARTNER NAME :	 MAPUA MALAYAN COLLEGES MINDANAO - (MMCM)
REPORT DATE :	 JANUARY 05 2026
REPORT GENERATED :	 2026-01-23

"No","Cancellation Date/Time","Sendout Date/Time","Reference No.","Control No.","Account No.","Account Name","Payor","IR No.","Amount","Cancellation Charge","CTC","CTP","Resource","Branch Name","Remote Operator","Remote Branch"
1,"2026-01-05 2:45 PM","2026-01-05 1:51 PM","KBPKKTVBBAO","BPSO1832-0126000022","2023370993","BOSING, THRIASTAN JEANNE T","BOSING, THRIASTAN JEANNE T","5957326010001","23,175.00","10.00","30.00","0.00","CRISPO, JOY ANN ","HEAD OFFICE",",  ",

TOTAL COUNT:,"1"
TOTAL PRINCIPAL (PHP):,"23,175.00"
TOTAL CHARGE (PHP):,"10.00"
TOTAL CTC (PHP):,"30.00"
TOTAL CTP (PHP):,"0.00"
Footnote:
No Request for Change transactions made for the selected timeframe.
A Cancellation was made on this report's selected timeframe. Please generate a Cancellation Report