BILLS PAY CANCELLATION REPORT
PARTNER NAME :	 JT INTERNATIONAL PHILIPPINES INC.
REPORT DATE :	 JANUARY 05 2026
REPORT GENERATED :	 2026-01-23

"No","Cancellation Date/Time","Sendout Date/Time","Reference No.","Control No.","Account No.","Account Name","Payor","IR No.","Amount","Cancellation Charge","CTC","CTP","Resource","Branch Name","Remote Operator","Remote Branch"
1,"2026-01-05 12:45 PM","2026-01-05 11:19 AM","KBPUQPBYAOR","BPSO4294-0126000042","VLCR204E000000072120","DONO, MARK HAROLD -","DONO, MARK HAROLD -","1523526010004","169.00","10.00","0.00","60.00","ROBLON, VINCENT P","HEAD OFFICE",",  ",
2,"2026-01-05 1:00 PM","2026-01-05 11:41 AM","KBPVAOGUDLQ","BPSO4200-0126000033","BACR106E000000073765","LIMUEL, LIMUEL ","LIMUEL, LIMUEL ","0576326010001","79,130.00","10.00","0.00","60.00","ROBLON, VINCENT P","HEAD OFFICE",",  ",
3,"2026-01-05 1:19 PM","2026-01-05 11:52 AM","KBPHXHLNVBB","BPSO2066-0126000005","bcrr201e000000073260","GUIMBA, ANDRONICO ","GUIMBA, ANDRONICO ","5994926010003","139,600.00","10.00","0.00","60.00","CRISPO, JOY ANN ","HEAD OFFICE",",  ",
4,"2026-01-05 3:27 PM","2026-01-05 2:23 PM","KBPITQIRRKH","BPSO1111-0126000050","ILOR602E000000107008","GIL, JESTONI ","GIL, JESTONI ","0725826010001","102,337.00","10.00","0.00","60.00","ROBLON, VINCENT P","HEAD OFFICE",",  ",
5,"2026-01-05 4:29 PM","2026-01-05 2:31 PM","KBPFCMEHHSS","BPSO1670-0126000086","BATR107000000072299","REYES, JERECO ","REYES, JERECO ","6166426010003","126,668.00","10.00","0.00","60.00","LUMIGUID, JESTEN SAGA","HEAD OFFICE",",  ",
6,"2026-01-05 4:54 PM","2026-01-05 4:30 PM","KBPXUXLDLBV","BPSO4838-0126000021","banr105000000072562","DELIDELI, RAFFY ","DELIDELI, RAFFY ","7053926010001","500,000.00","10.00","0.00","60.00","CRISPO, JOY ANN ","HEAD OFFICE",",  ",
7,"2026-01-05 6:35 PM","2026-01-05 6:11 PM","KBPAMQSQYGN","BPSO2094-0126000056","MANR306E000000101635","VENCIO JR, MANOLO ","VENCIO JR, MANOLO ","0235826010002","170,496.00","10.00","0.00","60.00","BACALSO, LISTER ","HEAD OFFICE",",  ",
8,"2026-01-05 6:46 PM","2026-01-05 5:06 PM","KBPMELFAZDV","BPSO2526-0126000031","zamr203e000000096813","MALDO, ALVIN ","MALDO, ALVIN ","1461526010013","34,138.80","10.00","0.00","60.00","BACALSO, LISTER ","HEAD OFFICE",",  ",

TOTAL COUNT:,"8"
TOTAL PRINCIPAL (PHP):,"1,152,538.80"
TOTAL CHARGE (PHP):,"80.00"
TOTAL CTC (PHP):,"0.00"
TOTAL CTP (PHP):,"480.00"
Footnote:
No Request for Change transactions made for the selected timeframe.
A Cancellation was made on this report's selected timeframe. Please generate a Cancellation Report