BILLS PAY CANCELLATION REPORT
PARTNER NAME :	 TAGUM CITY WATER DISTRICT
REPORT DATE :	 JANUARY 05 2026
REPORT GENERATED :	 2026-01-23

"No","Cancellation Date/Time","Sendout Date/Time","Reference No.","Control No.","Account No.","Account Name","Payor","IR No.","Amount","Cancellation Charge","CTC","CTP","Resource","Branch Name","Remote Operator","Remote Branch"
1,"2026-01-05 1:29 PM","2026-01-05 1:12 PM","KBPBDUIGZHQ","BPSO880-0126000061","T581901872","CUATON, MARISA ","CUATON, MARISA ","2108826010002","756.21","10.00","10.00","0.00","SANCHEZ, ARBIE B","HEAD OFFICE",",  ",

TOTAL COUNT:,"1"
TOTAL PRINCIPAL (PHP):,"756.21"
TOTAL CHARGE (PHP):,"10.00"
TOTAL CTC (PHP):,"10.00"
TOTAL CTP (PHP):,"0.00"
Footnote:
No Request for Change transactions made for the selected timeframe.
A Cancellation was made on this report's selected timeframe. Please generate a Cancellation Report