BILLS PAY CANCELLATION REPORT
PARTNER NAME :	 SETTLEMENT ACCOUNT FOR ML EMPLOYEES
REPORT DATE :	 JANUARY 05 2026
REPORT GENERATED :	 2026-01-23

"No","Cancellation Date/Time","Sendout Date/Time","Reference No.","Control No.","Account No.","Account Name","Payor","IR No.","Amount","Cancellation Charge","CTC","CTP","Resource","Branch Name","Remote Operator","Remote Branch"
1,"2026-01-05 3:42 PM","2026-01-05 3:01 PM","KBPRWBTBPUW","BPSO4274-0126000046","0393609230","GERALDO, GLORIA PRADO","GERALDO, GLORIA PRADO","2027526010002","210.00","10.00","0.00","0.00","ROBLON, VINCENT P","HEAD OFFICE",",  ",

TOTAL COUNT:,"1"
TOTAL PRINCIPAL (PHP):,"210.00"
TOTAL CHARGE (PHP):,"10.00"
TOTAL CTC (PHP):,"0.00"
TOTAL CTP (PHP):,"0.00"
Footnote:
No Request for Change transactions made for the selected timeframe.
A Cancellation was made on this report's selected timeframe. Please generate a Cancellation Report