BILLS PAY CANCELLATION REPORT
PARTNER NAME :	 FAST DISTRIBUTION CORPORATION (VISAYAS)
REPORT DATE :	 JANUARY 05 2026
REPORT GENERATED :	 2026-01-23

"No","Cancellation Date/Time","Sendout Date/Time","Reference No.","Control No.","Account No.","Account Name","Payor","IR No.","Amount","Cancellation Charge","CTC","CTP","Resource","Branch Name","Remote Operator","Remote Branch"
1,"2026-01-05 5:21 PM","2026-01-05 5:04 PM","KBPWPQVMNPQ","BPSO159-0126000031","FDC-CDO-40052","FAST DISTRIBUTION, CORPORATION ","MAGLINAO, RONNEL ","2290526010005","94,938.00","10.00","40.00","0.00","SANCHEZ, ARBIE B","HEAD OFFICE",",  ",

TOTAL COUNT:,"1"
TOTAL PRINCIPAL (PHP):,"94,938.00"
TOTAL CHARGE (PHP):,"10.00"
TOTAL CTC (PHP):,"40.00"
TOTAL CTP (PHP):,"0.00"
Footnote:
No Request for Change transactions made for the selected timeframe.
A Cancellation was made on this report's selected timeframe. Please generate a Cancellation Report