BILLS PAY CANCELLATION REPORT
PARTNER NAME :	 ISPD - GI CORP BIYAHEKO SEA TICKETING 2GO TRAVEL PRINCIPAL
REPORT DATE :	 JANUARY 05 2026
REPORT GENERATED :	 2026-01-23

"No","Cancellation Date/Time","Sendout Date/Time","Reference No.","Control No.","Account No.","Account Name","Payor","IR No.","Amount","Cancellation Charge","CTC","CTP","Resource","Branch Name","Remote Operator","Remote Branch"
1,"2026-01-05 4:14 PM","2025-12-24 6:19 PM","KBPZIMHRCOR","BPSO2557-1225000389","8018218377","BALDE, SAIGFRED ","BALDE, SAIGFRED ","5358926010002","8,417.46","10.00","0.00","0.00","BERMUNDO, EMIL ","HEAD OFFICE",",  ",

TOTAL COUNT:,"1"
TOTAL PRINCIPAL (PHP):,"8,417.46"
TOTAL CHARGE (PHP):,"10.00"
TOTAL CTC (PHP):,"0.00"
TOTAL CTP (PHP):,"0.00"
Footnote:
No Request for Change transactions made for the selected timeframe.
A Cancellation was made on this report's selected timeframe. Please generate a Cancellation Report