BILLS PAY CANCELLATION REPORT
PARTNER NAME :	 NORSAMELCO
REPORT DATE :	 JANUARY 05 2026
REPORT GENERATED :	 2026-01-23

"No","Cancellation Date/Time","Sendout Date/Time","Reference No.","Control No.","Account No.","Account Name","Payor","IR No.","Amount","Cancellation Charge","CTC","CTP","Resource","Branch Name","Remote Operator","Remote Branch"
1,"2026-01-05 2:51 PM","2026-01-05 1:23 PM","KBPUQNJYKNA","BPSO2084-0126000294","07-0702-3382","EVASCO, EVELYN ","EVASCO, EVELYN ","1561926010002","1,232.13","10.00","10.00","0.00","ROBLON, VINCENT P","HEAD OFFICE",",  ",

TOTAL COUNT:,"1"
TOTAL PRINCIPAL (PHP):,"1,232.13"
TOTAL CHARGE (PHP):,"10.00"
TOTAL CTC (PHP):,"10.00"
TOTAL CTP (PHP):,"0.00"
Footnote:
No Request for Change transactions made for the selected timeframe.
A Cancellation was made on this report's selected timeframe. Please generate a Cancellation Report