BILLS PAY CANCELLATION REPORT
PARTNER NAME :	 CENTRO ESCOLAR UNIVERSITY-MANILA
REPORT DATE :	 JANUARY 05 2026
REPORT GENERATED :	 2026-01-23

"No","Cancellation Date/Time","Sendout Date/Time","Reference No.","Control No.","Account No.","Account Name","Payor","IR No.","Amount","Cancellation Charge","CTC","CTP","Resource","Branch Name","Remote Operator","Remote Branch"
1,"2026-01-05 4:47 PM","2026-01-05 4:21 PM","KBPABDGQUWT","BPSO1918-0126000039","BALEDA","JASMINE PAULA, AUSTRIA ","BALEDA, JASMINE PAULA AUSTRIA","5104126010002","5,000.00","10.00","25.00","0.00","GUILLENO, RONALYN ALBUEVA","HEAD OFFICE",",  ",

TOTAL COUNT:,"1"
TOTAL PRINCIPAL (PHP):,"5,000.00"
TOTAL CHARGE (PHP):,"10.00"
TOTAL CTC (PHP):,"25.00"
TOTAL CTP (PHP):,"0.00"
Footnote:
No Request for Change transactions made for the selected timeframe.
A Cancellation was made on this report's selected timeframe. Please generate a Cancellation Report