BILLS PAY CANCELLATION REPORT
PARTNER NAME :	 CARD MRI
REPORT DATE :	 JANUARY 05 2026
REPORT GENERATED :	 2026-01-23

"No","Cancellation Date/Time","Sendout Date/Time","Reference No.","Control No.","Account No.","Account Name","Payor","IR No.","Amount","Cancellation Charge","CTC","CTP","Resource","Branch Name","Remote Operator","Remote Branch"
1,"2026-01-05 2:12 PM","2026-01-05 1:39 PM","KBPTICUIYNX","BPSO552-0126000020","881002532","CARD, MRI ","GONZALES, MARJORIE ","6496826010002","50,000.00","10.00","0.00","30.00","DULCE, GISELLE TRONGCOSO","HEAD OFFICE",",  ",
2,"2026-01-05 4:00 PM","2026-01-05 2:56 PM","KBPHEEZXSHM","BPSO22-0126000034","10000-1102-001","CUYNO, MAILYN ","CUYNO, MAILYN ","3079026010003","10,960.00","10.00","0.00","30.00","ROBLON, VINCENT P","HEAD OFFICE",",  ",

TOTAL COUNT:,"2"
TOTAL PRINCIPAL (PHP):,"60,960.00"
TOTAL CHARGE (PHP):,"20.00"
TOTAL CTC (PHP):,"0.00"
TOTAL CTP (PHP):,"60.00"
Footnote:
No Request for Change transactions made for the selected timeframe.
A Cancellation was made on this report's selected timeframe. Please generate a Cancellation Report