BILLS PAY CANCELLATION REPORT
PARTNER NAME :	 ISABEL WATER DISTRICT
REPORT DATE :	 JANUARY 05 2026
REPORT GENERATED :	 2026-01-23

"No","Cancellation Date/Time","Sendout Date/Time","Reference No.","Control No.","Account No.","Account Name","Payor","IR No.","Amount","Cancellation Charge","CTC","CTP","Resource","Branch Name","Remote Operator","Remote Branch"
1,"2026-01-05 4:04 PM","2026-01-05 9:37 AM","KBPBULQDNAD","BPSO4272-0126000091","4fxzau6w98","LAMOSTE, CHARWIN VAL ","LAMOSTE, CHARWIN VAL ","0473226010002","9,273.00","10.00","10.00","0.00","SANCHEZ, ARBIE B","HEAD OFFICE",",  ",

TOTAL COUNT:,"1"
TOTAL PRINCIPAL (PHP):,"9,273.00"
TOTAL CHARGE (PHP):,"10.00"
TOTAL CTC (PHP):,"10.00"
TOTAL CTP (PHP):,"0.00"
Footnote:
No Request for Change transactions made for the selected timeframe.
A Cancellation was made on this report's selected timeframe. Please generate a Cancellation Report