BILLS PAY CANCELLATION REPORT
PARTNER NAME :	 ILOILO II ELECTRIC COOPERATIVE (ILECO 2)
REPORT DATE :	 JANUARY 05 2026
REPORT GENERATED :	 2026-01-23

"No","Cancellation Date/Time","Sendout Date/Time","Reference No.","Control No.","Account No.","Account Name","Payor","IR No.","Amount","Cancellation Charge","CTC","CTP","Resource","Branch Name","Remote Operator","Remote Branch"
1,"2026-01-05 11:29 AM","2026-01-05 11:06 AM","KBPVMMZEXXK","BPSO2140-0126000061","01-0107-0121","BANGONON, EDELYN ","BANGONON, EDELYN ","2451326010005","1,434.50","10.00","10.00","0.00","SANCHEZ, ARBIE B","HEAD OFFICE",",  ",

TOTAL COUNT:,"1"
TOTAL PRINCIPAL (PHP):,"1,434.50"
TOTAL CHARGE (PHP):,"10.00"
TOTAL CTC (PHP):,"10.00"
TOTAL CTP (PHP):,"0.00"
Footnote:
No Request for Change transactions made for the selected timeframe.
A Cancellation was made on this report's selected timeframe. Please generate a Cancellation Report