BILLS PAY CANCELLATION REPORT
PARTNER NAME :	 RAMON MAGSAYSAY MEMORIAL COLLEGES- GENSAN
REPORT DATE :	 JANUARY 05 2026
REPORT GENERATED :	 2026-01-23

"No","Cancellation Date/Time","Sendout Date/Time","Reference No.","Control No.","Account No.","Account Name","Payor","IR No.","Amount","Cancellation Charge","CTC","CTP","Resource","Branch Name","Remote Operator","Remote Branch"
1,"2026-01-05 8:43 AM","2026-01-05 8:31 AM","KBPVIGWRWEJ","BPSO861-0126000073","2411000176","ANTOQUE, MORRIS BERNABE ","ANTOQUE, MORRIS BERNABE ","2537626010002","2,000.00","10.00","30.00","0.00","SANCHEZ, ARBIE B","HEAD OFFICE",",  ",

TOTAL COUNT:,"1"
TOTAL PRINCIPAL (PHP):,"2,000.00"
TOTAL CHARGE (PHP):,"10.00"
TOTAL CTC (PHP):,"30.00"
TOTAL CTP (PHP):,"0.00"
Footnote:
No Request for Change transactions made for the selected timeframe.
A Cancellation was made on this report's selected timeframe. Please generate a Cancellation Report